,count,mean,stddev,min,25%,50%,75%,max
trip_miles,232463392,4.47637087815518,4.430769655388438,0.001,1.49,2.823,5.82,332.21
trip_time,232463392,1141.1125219621676,787.0502358635479,1,582,941,1479,21552
base_passenger_fare,232463392,24.897286954917583,19.639906526451202,0.0,12.17,18.85,30.52,1679.51
tolls,232463392,0.7260360502240868,2.5713514166191858,0.0,0.0,0.0,0.0,107.62
sales_tax,232463392,2.208534117999939,1.818896058837774,0.0,1.04,1.66,2.72,151.36
congestion_surcharge,232463392,1.0219271976810869,1.3243036708958187,0.0,0.0,0.0,2.75,8.25
airport_fee,232463392,0.20855471406869946,0.6952490431976915,0.0,0.0,0.0,0.0,10.0
tips,232463392,1.073877539780862,3.0693479838502196,0.0,0.0,0.0,0.0,178.12
driver_pay,232463392,19.25845513172106,14.67364288037217,-55.02,8.94,14.97,24.93,844.37
