year,month,non_cbd,cbd,cbd_share_pct,ratio
2024,1,12218405.0,6700307.0,35.416295781657865,0.5483782048475231
2024,2,11965642.0,6627991.0,35.646562455008116,0.5539185444458392
2024,3,13362511.0,7080743.0,34.636085820779805,0.5298961400293702
2024,4,12265682.0,6658095.0,35.183753222202945,0.5428230570464814
2024,5,12880483.0,6947973.0,35.040413635837304,0.5394186693154286
2024,6,12574041.0,6681413.0,34.69880793254732,0.531365612693644
2024,7,11979767.0,6391885.0,34.792107971564015,0.5335567044000105
2024,8,12090297.0,6224499.0,33.98617707781184,0.5148342509700133
2024,9,11875259.0,6483042.0,35.313954161662345,0.5459284719600642
2024,10,12338952.0,6787203.0,35.486500030978526,0.5500631658182964
2024,11,12497855.0,6625471.0,34.64601816650514,0.5301286500763531
2024,12,13445189.0,6689279.0,33.22302332497685,0.4975221248284423
2025,1,13037401.0,6547516.0,33.431420720343105,0.5022102181255298
2025,2,12241945.0,6289614.0,33.940015516233686,0.5137757112942428
2025,3,13155884.0,6470215.0,32.96740223311826,0.4918114966656745
2025,4,12514358.0,6360350.0,33.69773985377681,0.5082442103702004
2025,5,13521471.0,6592451.0,32.775562120604825,0.4875542757145284
2025,6,12826226.0,6107856.0,32.25852724203899,0.4762005596969833
2025,7,12679341.0,6042533.0,32.27525727392461,0.4765652252747205
2025,8,12572801.0,5773853.0,31.470877468992438,0.4592336266198757
2025,9,12127130.0,6354070.0,34.38126312144233,0.5239549670861944
2025,10,13399189.0,6915214.0,34.04094129667507,0.5160919813878287
2025,11,13338824.0,6497729.0,32.75634128570624,0.48712907524681337
2025,12,14658820.0,6438601.0,30.518426873123495,0.43923051105068484
