hour,corr
0,-0.5223891656920502
1,-0.49343834874866144
2,-0.4474406965034814
3,-0.42511161641799794
4,-0.3499628110626454
5,-0.37603385150940755
6,-0.3080596698738472
7,-0.28831712772844065
8,-0.24033240553263036
9,-0.31592161741751296
10,-0.453803788035639
11,-0.4841895901228192
12,-0.44839692870023545
13,-0.46587536330259244
14,-0.44362081383987245
15,-0.4558084340928097
16,-0.479324868403376
17,-0.46145034782717803
18,-0.4649003064110049
19,-0.5666028882808377
20,-0.6168478359271719
21,-0.5422912955807992
22,-0.48800095499956203
23,-0.5707783464441248
