year,month,cbd_trip,trips,fare,cbd_fee,miles,wait,wait_n,mean_fare,mean_miles,mean_wait_s
2024,1,False,12218405,236857817.96999854,0.0,49866242.85099993,3183698797,12107113,19.385330406873774,4.081239969619597,262.9610210956154
2024,1,True,6700307,185680790.38000026,0.0,32822984.768000018,1599490414,6634932,27.71228100145266,4.898728486321599,241.071108792072
2024,2,False,11965642,234047243.12999886,0.0,49720465.538999945,3143645787,11842821,19.559940296559002,4.155269356963876,265.44737837378443
2024,2,True,6627991,187155395.3800004,0.0,33150112.206999972,1654744888,6564267,28.237122739001972,5.001532471453261,252.08372663695732
2024,3,False,13362511,274122545.22999954,0.0,55157764.597000085,3681868805,13262431,20.514298939024226,4.127799378200705,277.6164343475189
2024,3,True,7080743,212727582.37000054,0.0,36102370.1789999,1889193758,7010754,30.043115866512956,5.098669755278493,269.47083837202103
2024,4,False,12265682,251369039.6799993,0.0,51377257.72500011,3355969629,12167971,20.493686342104688,4.188699635699027,275.8035525396962
2024,4,True,6658095,203280331.12000048,0.0,34159807.450000085,1784091611,6593415,30.531305293781553,5.130567744978118,270.58688267005795
2024,5,False,12880483,274447946.5999983,0.0,54724254.609,3544331150,12776227,21.307271365522418,4.248618208571837,277.4161064921592
2024,5,True,6947973,224354141.56000063,0.0,36564182.05899995,1849508951,6878083,32.29058914880651,5.2625682424211995,268.8988997370343
2024,6,False,12574041,266375125.5200003,0.0,53726593.01300005,3643961348,12473227,21.18452814970146,4.272818341613491,292.1426306119499
2024,6,True,6681413,213668546.65000057,0.0,35100146.76600007,1879655862,6611895,31.979544843283986,5.2534017528926995,284.2839854534895
2024,7,False,11979767,244670627.0799992,0.0,51743202.78699992,3243655267,11874436,20.423654907478518,4.319216123902904,273.1628910206767
2024,7,True,6391885,190892806.15999955,0.0,32904686.921000052,1624480585,6325433,29.864868682712462,5.147884688319651,256.81729377261604
2024,8,False,12090297,253857111.85000083,0.0,52414677.575000346,3318362219,11987380,20.996763921514983,4.33526799010813,276.82130865960704
2024,8,True,6224499,189563478.61999956,0.0,32593518.992000025,1602091152,6159566,30.454415467011813,5.236328095160755,260.09805755795134
2024,9,False,11875259,253299144.6499994,0.0,50925077.807000205,3416250202,11772872,21.329989068027857,4.288334073976846,290.17984753422957
2024,9,True,6483042,213057611.91000006,0.0,34339003.960999906,1886981447,6413211,32.863833353231406,5.296742479996259,294.233488809272
2024,10,False,12338952,256760559.67999873,0.0,52570824.33699998,3368402521,12225661,20.808943877891632,4.26055829838709,275.5190513625398
2024,10,True,6787203,222338431.13000053,0.0,35926850.600000046,1838589463,6708984,32.75847666999212,5.293321947199759,274.0488668627023
2024,11,False,12497855,255336750.09999943,0.0,52411361.95099995,3550376217,12388398,20.430445872511676,4.193628582744795,286.5888080928624
2024,11,True,6625471,214489808.4500003,0.0,34281462.93799995,1772706771,6545559,32.37351856947231,5.17419258766659,270.8258791953445
2024,12,False,13445189,280699031.4899986,0.0,55923411.97699984,4193147835,13315649,20.877284171312027,4.159362280217842,314.9037523443281
2024,12,True,6689279,238848314.55999964,0.0,35410621.246,2111102397,6584340,35.7061373221239,5.293637960982043,320.6247546451125
2025,1,False,13037401,251250725.62999922,379122.0,52794474.14800003,3637931718,12919672,19.27153468931417,4.049463090688093,281.58081087507486
2025,1,True,6547516,192380735.81999984,8622954.0,32647142.639999926,1649628271,6477978,29.382247530208378,4.98618753127139,254.65172481289687
2025,2,False,12241945,243640711.2100002,411222.0,49756797.88599994,3491178496,12127249,19.902124311945542,4.064452003827818,287.87885001783997
2025,2,True,6289614,189059475.06999975,9320604.0,31807746.225000083,1672405508,6222656,30.058994887444562,5.057185739061266,268.76072018122164
2025,3,False,13155884,285968651.24999803,433374.0,53992494.96099995,3829978590,13029007,21.736939247107838,4.104056782577283,293.95782733097
2025,3,True,6470215,218388123.42999962,9550260.0,34027022.03399988,1728091228,6390086,33.75283872792475,5.25902493719295,270.4331722609054
2025,4,False,12514358,257259664.48000097,428689.5,51764480.222,3459437677,12396893,20.557160381699244,4.136407175022482,279.05683117535983
2025,4,True,6360350,204060598.59999952,9422230.5,32674216.25100005,1589884301,6285973,32.08323419308678,5.137172679333692,252.92572860239775
2025,5,False,13521471,286538837.5599998,493722.0,55957623.247000195,4090309136,13391823,21.191395341527546,4.13842719087296,305.43333316158675
2025,5,True,6592451,233128251.8500005,9754926.0,34810775.66100003,1908818870,6502948,35.362910069411285,5.2803996057005245,293.5313137979882
2025,6,False,12826226,273043550.30000216,434863.5,53382316.71199994,4009529239,12697402,21.287910434449085,4.161966014944688,315.7755609375839
2025,6,True,6107856,215149260.8299998,9024348.0,32473398.135000017,1758251882,6020628,35.225005440534254,5.31666072923134,292.0379538480039
2025,7,False,12679341,258046101.27000162,407214.0,53373456.96800012,3630984592,12552126,20.35169661183508,4.209481941372199,289.2724779850043
2025,7,True,6042533,198466529.62,8942022.0,31410758.912999947,1532070573,5959443,32.84492275342146,5.198276767872008,257.08284700432574
2025,8,False,12572801,261640610.57000077,390210.0,53739625.19300005,3485009578,12444340,20.810049452783097,4.274276288394293,280.0477629187245
2025,8,True,5773853,185471355.29999974,8486335.5,31000021.665000055,1383936259,5695251,32.12263202752126,5.3690354889534,242.99829085671553
2025,9,False,12127130,263007148.99999994,431097.0,50506770.05399971,3465062755,11988974,21.687501412123062,4.164775182091699,289.02079152060884
2025,9,True,6354070,225471258.95000008,9409030.5,33687341.925,1736382689,6263583,35.48454123892247,5.30169512218153,277.21875626139223
2025,10,False,13399189,274971878.81000024,472983.0,55210794.77600016,3892549144,13253896,20.521531475524394,4.120457945327897,293.69093766844105
2025,10,True,6915214,236272821.47999945,10251712.5,36354675.680999964,1845573537,6814595,34.167101911813496,5.25720182788269,270.8265916022889
2025,11,False,13338824,272185668.99000096,444712.5,54344483.29400009,3791561728,13200276,20.40552218021626,4.074158508576175,287.23351905672274
2025,11,True,6497729,223616433.95999926,9639729.0,33947401.589000024,1645995549,6399125,34.41455221662819,5.224502528344907,257.2219715976794
2025,12,False,14658820,295562195.33000094,434578.5,57219001.15700011,4660902558,14505864,20.162754937300612,3.9033838437882524,321.31161287600656
2025,12,True,6438601,243127187.8299996,9538765.5,33709538.84900006,1837170365,6322452,37.76087193941659,5.235537789808696,290.57877624061047
