year,month,seg,trips
2024,1,boundary,2430957
2024,1,cbd,6700307
2024,1,outer,9787448
2024,2,boundary,2377729
2024,2,cbd,6627991
2024,2,outer,9587913
2024,3,boundary,2570125
2024,3,cbd,7080743
2024,3,outer,10792386
2024,4,boundary,2419847
2024,4,cbd,6658095
2024,4,outer,9845835
2024,5,boundary,2499542
2024,5,cbd,6947973
2024,5,outer,10380941
2024,6,boundary,2342448
2024,6,cbd,6681413
2024,6,outer,10231593
2024,7,boundary,2209493
2024,7,cbd,6391885
2024,7,outer,9770274
2024,8,boundary,2221381
2024,8,cbd,6224499
2024,8,outer,9868916
2024,9,boundary,2271913
2024,9,cbd,6483042
2024,9,outer,9603346
2024,10,boundary,2408152
2024,10,cbd,6787203
2024,10,outer,9930800
2024,11,boundary,2421321
2024,11,cbd,6625471
2024,11,outer,10076534
2024,12,boundary,2534036
2024,12,cbd,6689279
2024,12,outer,10911153
2025,1,boundary,2516496
2025,1,cbd,6547516
2025,1,outer,10520905
2025,2,boundary,2340870
2025,2,cbd,6289614
2025,2,outer,9901075
2025,3,boundary,2475792
2025,3,cbd,6470215
2025,3,outer,10680092
2025,4,boundary,2411204
2025,4,cbd,6360350
2025,4,outer,10103154
2025,5,boundary,2510499
2025,5,cbd,6592451
2025,5,outer,11010972
2025,6,boundary,2269748
2025,6,cbd,6107856
2025,6,outer,10556478
2025,7,boundary,2222530
2025,7,cbd,6042533
2025,7,outer,10456811
2025,8,boundary,2218299
2025,8,cbd,5773853
2025,8,outer,10354502
2025,9,boundary,2286043
2025,9,cbd,6354070
2025,9,outer,9841087
2025,10,boundary,2545463
2025,10,cbd,6915214
2025,10,outer,10853726
2025,11,boundary,2507518
2025,11,cbd,6497729
2025,11,outer,10831306
2025,12,boundary,2630341
2025,12,cbd,6438601
2025,12,outer,12028479
