hour,shared_req,shared_match,match_rate_pct
0,396458,263152,66.37575733116748
1,273654,180812,66.07321654351846
2,204404,129288,63.25120839122522
3,167593,101521,60.57591904196477
4,162669,93751,57.63298477275941
5,179059,103200,57.63463439424994
6,270670,171523,63.36978608637824
7,332343,201223,60.54678449673981
8,335352,185592,55.34244614613898
9,261407,126795,48.50482198257889
10,197940,83081,41.97282004647873
11,175515,69155,39.4011907814147
12,179402,71033,39.594318903914115
13,207385,87846,42.35889770234106
14,254392,118580,46.613101040913236
15,284341,139165,48.94299450307905
16,300950,150227,49.91759428476491
17,340357,178986,52.58772406620108
18,349075,190039,54.440736231468875
19,329685,179698,54.505967817765445
20,352077,208547,59.23334952297367
21,383999,243874,63.50901955473842
22,457990,314644,68.70106334199436
23,487841,345781,70.87985634663752
