DOLocationID,Zone,Borough,trips,charge_rate
161,Midtown Center,Manhattan,2482591,0.9877466727302242
162,Midtown East,Manhattan,1925807,0.9870044090607211
234,Union Sq,Manhattan,2195676,0.9859068460009582
163,Midtown North,Manhattan,1648058,0.9858014705793121
125,Hudson Sq,Manhattan,737239,0.9853819453392998
100,Garment District,Manhattan,1054227,0.9852877985481305
230,Times Sq/Theatre District,Manhattan,2423941,0.9852805823244047
211,SoHo,Manhattan,1194567,0.9851619875653689
113,Greenwich Village North,Manhattan,1150584,0.9849658955799837
68,East Chelsea,Manhattan,2483451,0.9849229962660829
186,Penn Station/Madison Sq West,Manhattan,1795272,0.9840893190558311
164,Midtown South,Manhattan,2005121,0.9840418608153823
144,Little Italy/NoLiTa,Manhattan,1355244,0.9836317297844521
170,Murray Hill,Manhattan,2055066,0.9834910411636415
114,Greenwich Village South,Manhattan,1237799,0.9834811629351777
249,West Village,Manhattan,1782673,0.9823753430943308
107,Gramercy,Manhattan,1511593,0.9818496116348779
148,Lower East Side,Manhattan,1835337,0.9818235016239525
48,Clinton East,Manhattan,1805065,0.9814970652026381
90,Flatiron,Manhattan,1298967,0.9813166924178982
45,Chinatown,Manhattan,519612,0.9808876623326636
79,East Village,Manhattan,2363799,0.9808405875457262
229,Sutton Place/Turtle Bay North,Manhattan,1036070,0.980835271748048
158,Meatpacking/West Village West,Manhattan,1211058,0.9794188222199102
231,TriBeCa/Civic Center,Manhattan,2213095,0.9793637417282132
246,West Chelsea/Hudson Yards,Manhattan,2339961,0.9773940676789058
4,Alphabet City,Manhattan,571954,0.9752777321253108
87,Financial District North,Manhattan,1350688,0.9744004536947096
233,UN/Turtle Bay South,Manhattan,1130611,0.9706769171713348
232,Two Bridges/Seward Park,Manhattan,857005,0.969671122105472
224,Stuy Town/Peter Cooper Village,Manhattan,390580,0.968439244200932
137,Kips Bay,Manhattan,1224735,0.9682184309258738
50,Clinton West,Manhattan,1041389,0.9673493766498398
209,Seaport,Manhattan,463711,0.9570012356834321
13,Battery Park City,Manhattan,925760,0.9563979865191843
88,Financial District South,Manhattan,607829,0.9520884985744346
261,World Trade Center,Manhattan,855777,0.9473449274752652
1,Newark Airport,EWR,1755461,0.8827373550309576
43,Central Park,Manhattan,497986,0.6601611290277237
142,Lincoln Square East,Manhattan,1453215,0.6420770498515361
143,Lincoln Square West,Manhattan,884755,0.6361682047572492
237,Upper East Side South,Manhattan,1878259,0.5812712730246468
141,Lenox Hill West,Manhattan,1282631,0.5208349088709068
140,Lenox Hill East,Manhattan,1408470,0.4683472136431731
138,LaGuardia Airport,Queens,5333135,0.45099345881924985
239,Upper West Side South,Manhattan,1298461,0.3932832792051513
262,Yorkville East,Manhattan,695361,0.3896278336001012
263,Yorkville West,Manhattan,1141593,0.3894706782539837
236,Upper East Side North,Manhattan,1602668,0.38396161900031694
66,DUMBO/Vinegar Hill,Brooklyn,831126,0.3587602842408973
202,Roosevelt Island,Manhattan,180948,0.3295256095673895
145,Long Island City/Hunters Point,Queens,2056377,0.3145430045171678
238,Upper West Side North,Manhattan,1061315,0.3070652916429147
132,JFK Airport,Queens,5117351,0.3024424160078134
33,Brooklyn Heights,Brooklyn,1133830,0.28787384352151557
256,Williamsburg (South Side),Brooklyn,1929032,0.28249816488269763
146,Long Island City/Queens Plaza,Queens,646634,0.2727493450700087
112,Greenpoint,Brooklyn,2354980,0.26291985494568954
151,Manhattan Valley,Manhattan,604520,0.25668464236088134
255,Williamsburg (North Side),Brooklyn,2225341,0.2535701270052545
65,Downtown Brooklyn/MetroTech,Brooklyn,1041498,0.2526745130571542
24,Bloomingdale,Manhattan,296559,0.22927646775177957
52,Cobble Hill,Brooklyn,336135,0.221351540303747
54,Columbia Street,Brooklyn,140942,0.21186019781186588
40,Carroll Gardens,Brooklyn,563876,0.20784711532322708
25,Boerum Hill,Brooklyn,1272470,0.2031191305099531
166,Morningside Heights,Manhattan,1072230,0.20116952519515402
80,East Williamsburg,Brooklyn,1837171,0.1931099500264265
75,East Harlem South,Manhattan,1515936,0.1923867498364047
34,Brooklyn Navy Yard,Brooklyn,241087,0.18575037227225027
97,Fort Greene,Brooklyn,1497687,0.16954810985205854
193,Queensbridge/Ravenswood,Queens,412086,0.16931174560649961
49,Clinton Hill,Brooklyn,1473827,0.1682877298353199
226,Sunnyside,Queens,1540280,0.16497844547744567
194,Randalls Island,Manhattan,103457,0.16331422716684227
7,Astoria,Queens,2291896,0.16255667796444515
93,Flushing Meadows-Corona Park,Queens,304609,0.15448985420654018
195,Red Hook,Brooklyn,508598,0.15397819102709803
179,Old Astoria,Queens,911326,0.15342259520742302
189,Prospect Heights,Brooklyn,891349,0.1452371629967611
257,Windsor Terrace,Brooklyn,401525,0.14224519021231555
181,Park Slope,Brooklyn,2378296,0.14093115406997278
152,Manhattanville,Manhattan,544496,0.13556940730510417
37,Bushwick South,Brooklyn,2717051,0.13381787828053282
41,Central Harlem,Manhattan,1421544,0.13299131085636462
116,Hamilton Heights,Manhattan,1016760,0.12823183445454187
106,Gowanus,Brooklyn,498214,0.12302343972670379
225,Stuyvesant Heights,Brooklyn,2026534,0.11935748425637073
17,Bedford,Brooklyn,2020263,0.11899737806414314
244,Washington Heights South,Manhattan,1783501,0.11888022490595744
36,Bushwick North,Brooklyn,1886467,0.115477238668898
223,Steinway,Queens,1255661,0.11519669719773092
243,Washington Heights North,Manhattan,1156536,0.11437949186190487
42,Central Harlem North,Manhattan,1935354,0.10612735447881887
198,Ridgewood,Queens,1599663,0.1039525199995249
190,Prospect Park,Brooklyn,197166,0.10239087875191463
74,East Harlem North,Manhattan,1607560,0.10083107317922815
157,Maspeth,Queens,792275,0.10059007289135717
83,Elmhurst/Maspeth,Queens,584027,0.0940641442946987
260,Woodside,Queens,1110185,0.09191531141206195
228,Sunset Park West,Brooklyn,1289099,0.09073701864635687
200,Riverdale/North Riverdale/Fieldston,Bronx,479361,0.09022010551546747
160,Middle Village,Queens,571444,0.08625342115762874
14,Bay Ridge,Brooklyn,1384584,0.0850992066931295
31,Bronx Park,Bronx,115935,0.08470263509725277
61,Crown Heights North,Brooklyn,3350023,0.08370241040136142
196,Rego Park,Queens,605235,0.08296116384544847
95,Forest Hills,Queens,1756478,0.08105709265928751
133,Kensington,Brooklyn,468215,0.08055060175346795
67,Dyker Heights,Brooklyn,453892,0.0793228345068871
217,South Williamsburg,Brooklyn,441260,0.0771495263563432
62,Crown Heights South,Brooklyn,891088,0.07510818235684916
127,Inwood,Manhattan,858935,0.07465989859535355
70,East Elmhurst,Queens,508159,0.07325266304444082
129,Jackson Heights,Queens,1748553,0.07317364700984186
168,Mott Haven/Port Morris,Bronx,1587048,0.07142506086772422
128,Inwood Hill Park,Manhattan,84648,0.07078726018334751
188,Prospect-Lefferts Gardens,Brooklyn,1922403,0.06738077291806141
89,Flatbush/Ditmas Park,Brooklyn,1996129,0.06565206958067339
64,Douglaston,Queens,149450,0.0652057544329207
227,Sunset Park East,Brooklyn,652397,0.06363609887844365
82,Elmhurst,Queens,1738476,0.06353955993640407
220,Spuyten Duyvil/Kingsbridge,Bronx,801255,0.062143761973404224
92,Flushing,Queens,1298014,0.06038532712281994
58,Country Club,Bronx,80133,0.05990041555913294
85,Erasmus,Brooklyn,770881,0.059895107026895204
119,Highbridge,Bronx,800448,0.05940923083073479
204,Rossville/Woodrow,Staten Island,62678,0.057181148090239
56,Corona,Queens,684436,0.056946157127912615
15,Bay Terrace/Fort Totten,Queens,177659,0.05459335018209041
11,Bath Beach,Brooklyn,278442,0.05435961528792352
201,Rockaway Park,Queens,175117,0.0541866295105558
247,West Concourse,Bronx,1199096,0.051983327440004806
175,Oakland Gardens,Queens,195355,0.050385196181310946
9,Auburndale,Queens,218425,0.05036511388348403
102,Glendale,Queens,586462,0.04950192851369739
192,Queensboro Hill,Queens,308536,0.049456141260663264
135,Kew Gardens Hills,Queens,426903,0.0492805157143426
176,Oakwood,Staten Island,80198,0.04871692560911743
84,Eltingville/Annadale/Prince's Bay,Staten Island,110390,0.048663828245312075
22,Bensonhurst West,Brooklyn,838031,0.04786935089513395
171,Murray Hill-Queens,Queens,485846,0.047617969480041
178,Ocean Parkway South,Brooklyn,231294,0.047480695564951964
69,East Concourse/Concourse Village,Bronx,1239264,0.04715782916311617
28,Briarwood/Jamaica Hills,Queens,589187,0.046884944847730856
177,Ocean Hill,Brooklyn,1012702,0.0467422795649658
73,East Flushing,Queens,244541,0.04629898462834453
182,Parkchester,Bronx,558541,0.04525719687543081
165,Midwood,Brooklyn,717390,0.04447789905072555
20,Belmont,Bronx,710480,0.04446008332395
240,Van Cortlandt Park,Bronx,146418,0.04439344889289568
252,Whitestone,Queens,328340,0.04428031918133642
183,Pelham Bay,Bronx,288192,0.04359593604263824
147,Longwood,Bronx,485406,0.04355735198988064
134,Kew Gardens,Queens,560938,0.043427259340604485
16,Bayside,Queens,485512,0.04325742721086193
5,Arden Heights,Staten Island,66147,0.04298002932861657
21,Bensonhurst East,Brooklyn,633678,0.042903493572445314
121,Hillcrest/Pomonok,Queens,542465,0.042491220631745825
241,Van Cortlandt Village,Bronx,886722,0.04226691116268684
131,Jamaica Estates,Queens,386681,0.04174759039104585
184,Pelham Bay Park,Bronx,71011,0.04165551815915844
6,Arrochar/Fort Wadsworth,Staten Island,150100,0.04090606262491672
235,University Heights/Morris Heights,Bronx,982200,0.04034616167786601
159,Melrose South,Bronx,1136379,0.040044738595134195
118,Heartland Village/Todt Hill,Staten Island,265103,0.04002595217707834
136,Kingsbridge Heights,Bronx,615587,0.03976692165364116
258,Woodhaven,Queens,720913,0.03971491705656577
53,College Point,Queens,391260,0.03942391248785974
185,Pelham Parkway,Bronx,753215,0.03937388395079758
208,Schuylerville/Edgewater Park,Bronx,793570,0.03933742454981917
101,Glen Oaks,Queens,166983,0.03928543624201266
98,Fresh Meadows,Queens,227316,0.03913054954336694
251,Westerleigh,Staten Island,177290,0.037762987196119355
46,City Island,Bronx,57212,0.03721247290778158
55,Coney Island,Brooklyn,700905,0.037016428759960335
248,West Farms/Bronx River,Bronx,549242,0.03673790423893293
153,Marble Hill,Manhattan,187086,0.03669435446799867
167,Morrisania/Melrose,Bronx,872526,0.03640235362613836
169,Mount Hope,Bronx,1069738,0.03606677522907478
259,Woodlawn/Wakefield,Bronx,654850,0.03588608078185844
173,North Corona,Queens,576116,0.035378291871775824
212,Soundview/Bruckner,Bronx,619833,0.034933603083411174
94,Fordham South,Bronx,464990,0.03470827329619992
57,Corona,Queens,50954,0.03452133296698984
109,Great Kills,Staten Island,161659,0.03429440983799232
19,Bellerose,Queens,173453,0.03339809631427534
214,South Beach/Dongan Hills,Staten Island,212938,0.03330546919760682
115,Grymes Hill/Clifton,Staten Island,187332,0.033261802575107295
63,Cypress Hills,Brooklyn,756723,0.0332605193710248
71,East Flatbush/Farragut,Brooklyn,1032858,0.03310038746855812
32,Bronxdale,Bronx,549047,0.03292978561033937
29,Brighton Beach,Brooklyn,525435,0.03261868737331925
245,West Brighton,Staten Island,187426,0.03227407083328887
124,Howard Beach,Queens,358726,0.03141673589313292
108,Gravesend,Brooklyn,352476,0.03138937119123004
123,Homecrest,Brooklyn,741616,0.031310004099156435
18,Bedford Park,Bronx,1096199,0.03128993914426122
149,Madison,Brooklyn,587808,0.03102203440579237
44,Charleston/Tottenville,Staten Island,111223,0.030632153421504545
172,New Dorp/Midland Beach,Staten Island,152682,0.030435807757299486
250,Westchester Village/Unionport,Bronx,613108,0.030304611911767584
174,Norwood,Bronx,1020637,0.029595242970811366
126,Hunts Point,Bronx,831944,0.029547661861856086
180,Ozone Park,Queens,372440,0.02946514874879175
60,Crotona Park East,Bronx,510508,0.029376620934441773
213,Soundview/Castle Hill,Bronx,1161707,0.02873013591206733
221,Stapleton,Staten Island,292335,0.028056852583508644
210,Sheepshead Bay,Brooklyn,772942,0.027544110683595923
78,East Tremont,Bronx,1025816,0.02721833155263712
197,Richmond Hill,Queens,1002490,0.027051641412881924
38,Cambria Heights,Queens,243018,0.02695685093285271
150,Manhattan Beach,Brooklyn,296591,0.026737156555660824
3,Allerton/Pelham Gardens,Bronx,530211,0.026085841297143968
155,Marine Park/Mill Basin,Brooklyn,701986,0.02602473553603633
10,Baisley Park,Queens,696479,0.02574808429256302
26,Borough Park,Brooklyn,1261520,0.025438360073562052
91,Flatlands,Brooklyn,1117138,0.02492261475305647
47,Claremont/Bathgate,Bronx,773667,0.024630751990197333
254,Williamsbridge/Olinville,Bronx,1046235,0.0232720182368206
23,Bloomfield/Emerson Hill,Staten Island,430081,0.02323283288496818
72,East Flatbush/Remsen Village,Brooklyn,1176716,0.02269196645579732
117,Hammels/Arverne,Queens,360922,0.022193160849158546
242,Van Nest/Morris Park,Bronx,973901,0.021950896446353375
191,Queens Village,Queens,593211,0.0217932573738518
77,East New York/Pennsylvania Avenue,Brooklyn,702141,0.021719284303295207
216,South Ozone Park,Queens,1364433,0.021555473958779946
51,Co-Op City,Bronx,895675,0.021284506098752338
122,Hollis,Queens,273732,0.02009629856940365
222,Starrett City,Brooklyn,291478,0.0199774940132703
35,Brownsville,Brooklyn,1383456,0.019976059954201653
81,Eastchester,Bronx,624841,0.019572979365950698
187,Port Richmond,Staten Island,164523,0.01899430474766446
206,Saint George/New Brighton,Staten Island,544765,0.017185391866217543
219,Springfield Gardens South,Queens,383743,0.017086956635039598
130,Jamaica,Queens,1958749,0.016366568661936778
86,Far Rockaway,Queens,459311,0.01599569790403452
156,Mariners Harbor,Staten Island,291266,0.015865222854710127
39,Canarsie,Brooklyn,1742562,0.015577637983612634
76,East New York,Brooklyn,2693794,0.015281049701647564
218,Springfield Gardens North,Queens,428749,0.015095078938959625
139,Laurelton,Queens,406053,0.014402060814721231
203,Rosedale,Queens,354324,0.014345627166096567
205,Saint Albans,Queens,903042,0.014080186746574356
215,South Jamaica,Queens,648191,0.014076097940267606
